Symbol,Security,CIK,Headquarters Location,name,website_domain,city,province,country,employee_count,serial_number,source,table_source
MMM,3M,66740,"Saint Paul, Minnesota",3M COMPANY,3m.com,Saint Paul,Minnesota,United States of America (the),92000,41-0417775,https://www.sec.gov/Archives/edgar/data/66740/000006674023000014/mmm-20221231.htm,https://github.com/datasets/s-and-p-500-companies
AOS,A. O. Smith,91142,"Milwaukee, Wisconsin",A. O. Smith Corporation,aosmith.com,Milwaukee,Wisconsin,United States of America (the),12000,39-0619790,https://www.sec.gov/ix?doc=/Archives/edgar/data/91142/000009114223000025/aos-20221231.htm,
ABT,Abbott,1800,"North Chicago, Illinois",Abbott Laboratories,abbottinvestor.com>abbott.com,,,United States of America (the),115000,36-0698440,https://www.sec.gov/ix?doc=/Archives/edgar/data/0000001800/000162828023004026/abt-20221231.htm,
ABBV,AbbVie,1551152,"North Chicago, Illinois",,abbvie.com,,,,,,https://www.sec.gov/ix?doc=/Archives/edgar/data/1551152/000155115223000011/abbv-20221231.htm,https://www.sec.gov/edgar/browse/?CIK=1551152
ACN,Accenture,1467373,"Dublin, Ireland",,,,,,,,,
ATVI,Activision Blizzard,718877,"Santa Monica, California",,,,,,,,,
ADM,ADM,7084,"Chicago, Illinois",,,,,,,,,
ADBE,Adobe Inc.,796343,"San Jose, California",,,,,,,,,
ADP,ADP,8670,"Roseland, New Jersey",,,,,,,,,
AAP,Advance Auto Parts,1158449,"Raleigh, North Carolina",,,,,,,,,
AES,AES Corporation,874761,"Arlington, Virginia",,,,,,,,,
AFL,Aflac,4977,"Columbus, Georgia",,,,,,,,,
A,Agilent Technologies,1090872,"Santa Clara, California",,,,,,,,,
APD,Air Products and Chemicals,2969,"Allentown, Pennsylvania",,,,,,,,,
AKAM,Akamai,1086222,"Cambridge, Massachusetts",,,,,,,,,
ALK,Alaska Air Group,766421,"SeaTac, Washington",,,,,,,,,
ALB,Albemarle Corporation,915913,"Charlotte, North Carolina",,,,,,,,,
ARE,Alexandria Real Estate Equities,1035443,"Pasadena, California",,,,,,,,,
ALGN,Align Technology,1097149,"Tempe, Arizona",,,,,,,,,
ALLE,Allegion,1579241,"New York City, New York",,,,,,,,,
LNT,Alliant Energy,352541,"Madison, Wisconsin",,,,,,,,,
ALL,Allstate,899051,"Glenview, Illinois",,,,,,,,,
GOOGL,Alphabet Inc. (Class A),1652044,"Mountain View, California",,,,,,,,,
GOOG,Alphabet Inc. (Class C),1652044,"Mountain View, California",,,,,,,,,
MO,Altria,764180,"Richmond, Virginia",,,,,,,,,
AMZN,Amazon,1018724,"Seattle, Washington",,,,,,,,,
AMCR,Amcor,1748790,"Warmley, Bristol, United Kingdom",,,,,,,,,
AMD,AMD,2488,"Santa Clara, California",,,,,,,,,
AEE,Ameren,1002910,"St. Louis, Missouri",,,,,,,,,
AAL,American Airlines Group,6201,"Fort Worth, Texas",,,,,,,,,
AEP,American Electric Power,4904,"Columbus, Ohio",,,,,,,,,
AXP,American Express,4962,"New York City, New York",,,,,,,,,
AIG,American International Group,5272,"New York City, New York",,,,,,,,,
AMT,American Tower,1053507,"Boston, Massachusetts",,,,,,,,,
AWK,American Water Works,1410636,"Camden, New Jersey",,,,,,,,,
AMP,Ameriprise Financial,820027,"Minneapolis, Minnesota",,,,,,,,,
ABC,AmerisourceBergen,1140859,"Conshohocken, Pennsylvania",,,,,,,,,
AME,Ametek,1037868,"Berwyn, Pennsylvania",,,,,,,,,
AMGN,Amgen,318154,"Thousand Oaks, California",,,,,,,,,
APH,Amphenol,820313,"Wallingford, Connecticut",,,,,,,,,
ADI,Analog Devices,6281,"Wilmington, Massachusetts",,,,,,,,,
ANSS,Ansys,1013462,"Canonsburg, Pennsylvania",,,,,,,,,
AON,Aon,315293,"London, UK",,,,,,,,,
APA,APA Corporation,1841666,"Houston, Texas",,,,,,,,,
AAPL,Apple Inc.,320193,"Cupertino, California",,,,,,,,,
AMAT,Applied Materials,6951,"Santa Clara, California",,,,,,,,,
APTV,Aptiv,1521332,"Dublin, Ireland",,,,,,,,,
ACGL,Arch Capital Group,947484,"Hamilton, Bermuda",,,,,,,,,
ANET,Arista Networks,1596532,"Santa Clara, California",,,,,,,,,
AJG,Arthur J. Gallagher & Co.,354190,"Rolling Meadows, Illinois",,,,,,,,,
AIZ,Assurant,1267238,"New York City, New York",,,,,,,,,
T,AT&T,732717,"Dallas, Texas",,,,,,,,,
ATO,Atmos Energy,731802,"Dallas, Texas",,,,,,,,,
ADSK,Autodesk,769397,"San Francisco, California",,,,,,,,,
AZO,AutoZone,866787,"Memphis, Tennessee",,,,,,,,,
AVB,AvalonBay Communities,915912,"Arlington, Virginia",,,,,,,,,
AVY,Avery Dennison,8818,"Glendale, California",,,,,,,,,
AXON,Axon Enterprise,1069183,"Scottsdale, Arizona",,,,,,,,,
BKR,Baker Hughes,1701605,"Houston, Texas",,,,,,,,,
BALL,Ball Corporation,9389,"Broomfield, Colorado",,,,,,,,,
BAC,Bank of America,70858,"Charlotte, North Carolina",,,,,,,,,
BBWI,"Bath & Body Works, Inc.",701985,"Columbus, Ohio",,,,,,,,,
BAX,Baxter International,10456,"Deerfield, Illinois",,,,,,,,,
BDX,Becton Dickinson,10795,"Franklin Lakes, New Jersey",,,,,,,,,
WRB,Berkley,11544,"Greenwich, Connecticut",,,,,,,,,
BRK.B,Berkshire Hathaway,1067983,"Omaha, Nebraska",,,,,,,,,
BBY,Best Buy,764478,"Richfield, Minnesota",,,,,,,,,
BIO,Bio-Rad,12208,"Hercules, California",,,,,,,,,
TECH,Bio-Techne,842023,"Minneapolis, Minnesota",,,,,,,,,
BIIB,Biogen,875045,"Cambridge, Massachusetts",,,,,,,,,
BLK,BlackRock,1364742,"New York City, New York",,,,,,,,,
BK,BNY Mellon,1390777,"New York City, New York",,,,,,,,,
BA,Boeing,12927,"Chicago, Illinois",,,,,,,,,
BKNG,Booking Holdings,1075531,"Norwalk, Connecticut",,,,,,,,,
BWA,BorgWarner,908255,"Auburn Hills, Michigan",,,,,,,,,
BXP,Boston Properties,1037540,"Boston, Massachusetts",,,,,,,,,
BSX,Boston Scientific,885725,"Marlborough, Massachusetts",,,,,,,,,
BMY,Bristol Myers Squibb,14272,"New York City, New York",,,,,,,,,
AVGO,Broadcom Inc.,1730168,"San Jose, California",,,,,,,,,
BR,Broadridge Financial Solutions,1383312,"Lake Success, New York",,,,,,,,,
BRO,Brown & Brown,79282,"Daytona Beach, Florida",,,,,,,,,
BF.B,Brown–Forman,14693,"Louisville, Kentucky",,,,,,,,,
BG,Bunge Limited,1144519,"Chesterfield, Missouri",,,,,,,,,
CHRW,C.H. Robinson,1043277,"Eden Prairie, Minnesota",,,,,,,,,
CDNS,Cadence Design Systems,813672,"San Jose, California",,,,,,,,,
CZR,Caesars Entertainment,1590895,"Reno, Nevada",,,,,,,,,
CPT,Camden Property Trust,906345,"Houston, Texas",,,,,,,,,
CPB,Campbell Soup Company,16732,"Camden, New Jersey",,,,,,,,,
COF,Capital One,927628,"Tysons Corner, Virginia",,,,,,,,,
CAH,Cardinal Health,721371,"Dublin, Ohio",,,,,,,,,
KMX,CarMax,1170010,"Richmond, Virginia",,,,,,,,,
CCL,Carnival,815097,"Miami, Florida",,,,,,,,,
CARR,Carrier Global,1783180,"Palm Beach Gardens, Florida",,,,,,,,,
CTLT,Catalent,1596783,"Somerset, New Jersey",,,,,,,,,
CAT,Caterpillar Inc.,18230,"Irving, Texas",,,,,,,,,
CBOE,Cboe Global Markets,1374310,"Chicago, Illinois",,,,,,,,,
CBRE,CBRE Group,1138118,"Dallas, Texas",,,,,,,,,
CDW,CDW,1402057,"Lincolnshire, Illinois",,,,,,,,,
CE,Celanese,1306830,"Irving, Texas",,,,,,,,,
CNC,Centene Corporation,1071739,"St. Louis, Missouri",,,,,,,,,
CNP,CenterPoint Energy,1130310,"Houston, Texas",,,,,,,,,
CDAY,Ceridian,1725057,"Minneapolis, Minnesota",,,,,,,,,
CF,CF Industries,1324404,"Deerfield, Illinois",,,,,,,,,
CRL,Charles River Laboratories,1100682,"Wilmington, Massachusetts",,,,,,,,,
SCHW,Charles Schwab Corporation,316709,"Westlake, Texas",,,,,,,,,
CHTR,Charter Communications,1091667,"Stamford, Connecticut",,,,,,,,,
CVX,Chevron Corporation,93410,"San Ramon, California",,,,,,,,,
CMG,Chipotle Mexican Grill,1058090,"Newport Beach, California",,,,,,,,,
CB,Chubb Limited,896159,"Zurich, Switzerland",,,,,,,,,
CHD,Church & Dwight,313927,"Ewing, New Jersey",,,,,,,,,
CI,Cigna,1739940,"Bloomfield, Connecticut",,,,,,,,,
CINF,Cincinnati Financial,20286,"Fairfield, Ohio",,,,,,,,,
CTAS,Cintas,723254,"Mason, Ohio",,,,,,,,,
CSCO,Cisco,858877,"San Jose, California",,,,,,,,,
C,Citigroup,831001,"New York City, New York",,,,,,,,,
CFG,Citizens Financial Group,759944,"Providence, Rhode Island",,,,,,,,,
CLX,Clorox,21076,"Oakland, California",,,,,,,,,
CME,CME Group,1156375,"Chicago, Illinois",,,,,,,,,
CMS,CMS Energy,811156,"Jackson, Michigan",,,,,,,,,
KO,Coca-Cola Company (The),21344,"Atlanta, Georgia",,,,,,,,,
CTSH,Cognizant,1058290,"Teaneck, New Jersey",,,,,,,,,
CL,Colgate-Palmolive,21665,"New York City, New York",,,,,,,,,
CMCSA,Comcast,1166691,"Philadelphia, Pennsylvania",,,,,,,,,
CMA,Comerica,28412,"Dallas, Texas",,,,,,,,,
CAG,Conagra Brands,23217,"Chicago, Illinois",,,,,,,,,
COP,ConocoPhillips,1163165,"Houston, Texas",,,,,,,,,
ED,Consolidated Edison,1047862,"New York City, New York",,,,,,,,,
STZ,Constellation Brands,16918,"Victor, New York",,,,,,,,,
CEG,Constellation Energy,1868275,"Baltimore, Maryland",,,,,,,,,
COO,CooperCompanies,711404,"San Ramon, California",,,,,,,,,
CPRT,Copart,900075,"Dallas, Texas",,,,,,,,,
GLW,Corning Inc.,24741,"Corning, New York",,,,,,,,,
CTVA,Corteva,1755672,"Indianapolis, Indiana",,,,,,,,,
CSGP,CoStar Group,1057352,"Washington, D.C.",,,,,,,,,
COST,Costco,909832,"Issaquah, Washington",,,,,,,,,
CTRA,Coterra,858470,"Houston, Texas",,,,,,,,,
CCI,Crown Castle,1051470,"Houston, Texas",,,,,,,,,
CSX,CSX,277948,"Jacksonville, Florida",,,,,,,,,
CMI,Cummins,26172,"Columbus, Indiana",,,,,,,,,
CVS,CVS Health,64803,"Woonsocket, Rhode Island",,,,,,,,,
DHI,D.R. Horton,882184,"Arlington, Texas",,,,,,,,,
DHR,Danaher Corporation,313616,"Washington, D.C.",,,,,,,,,
DRI,Darden Restaurants,940944,"Orlando, Florida",,,,,,,,,
DVA,DaVita Inc.,927066,"Denver, Colorado",,,,,,,,,
DE,John Deere,315189,"Moline, Illinois",,,,,,,,,
DAL,Delta Air Lines,27904,"Atlanta, Georgia",,,,,,,,,
XRAY,Dentsply Sirona,818479,"Charlotte, North Carolina",,,,,,,,,
DVN,Devon Energy,1090012,"Oklahoma City, Oklahoma",,,,,,,,,
DXCM,Dexcom,1093557,"San Diego, California",,,,,,,,,
FANG,Diamondback Energy,1539838,"Midland, Texas",,,,,,,,,
DLR,Digital Realty,1297996,"Austin, Texas",,,,,,,,,
DFS,Discover Financial,1393612,"Riverwoods, Illinois",,,,,,,,,
DIS,Disney,1744489,"Burbank, California",,,,,,,,,
DG,Dollar General,29534,"Goodlettsville, Tennessee",,,,,,,,,
DLTR,Dollar Tree,935703,"Chesapeake, Virginia",,,,,,,,,
D,Dominion Energy,715957,"Richmond, Virginia",,,,,,,,,
DPZ,Domino's,1286681,"Ann Arbor, Michigan",,,,,,,,,
DOV,Dover Corporation,29905,"Downers Grove, Illinois",,,,,,,,,
DOW,Dow Inc.,1751788,"Midland, Michigan",,,,,,,,,
DTE,DTE Energy,936340,"Detroit, Michigan",,,,,,,,,
DUK,Duke Energy,1326160,"Charlotte, North Carolina",,,,,,,,,
DD,DuPont,1666700,"Wilmington, Delaware",,,,,,,,,
DXC,DXC Technology,1688568,"Tysons Corner, Virginia",,,,,,,,,
EMN,Eastman Chemical Company,915389,"Kingsport, Tennessee",,,,,,,,,
ETN,Eaton Corporation,1551182,"Dublin, Ireland",,,,,,,,,
EBAY,eBay,1065088,"San Jose, California",,,,,,,,,
ECL,Ecolab,31462,"Saint Paul, Minnesota",,,,,,,,,
EIX,Edison International,827052,"Rosemead, California",,,,,,,,,
EW,Edwards Lifesciences,1099800,"Irvine, California",,,,,,,,,
EA,Electronic Arts,712515,"Redwood City, California",,,,,,,,,
ELV,Elevance Health,1156039,"Indianapolis, Indiana",,,,,,,,,
LLY,Eli Lilly and Company,59478,"Indianapolis, Indiana",,,,,,,,,
EMR,Emerson Electric,32604,"Ferguson, Missouri",,,,,,,,,
ENPH,Enphase,1463101,"Fremont, California",,,,,,,,,
ETR,Entergy,65984,"New Orleans, Louisiana",,,,,,,,,
EOG,EOG Resources,821189,"Houston, Texas",,,,,,,,,
EPAM,EPAM Systems,1352010,"Newtown, Pennsylvania",,,,,,,,,
EQT,EQT,33213,"Pittsburgh, Pennsylvania",,,,,,,,,
EFX,Equifax,33185,"Atlanta, Georgia",,,,,,,,,
EQIX,Equinix,1101239,"Redwood City, California",,,,,,,,,
EQR,Equity Residential,906107,"Chicago, Illinois",,,,,,,,,
ESS,Essex Property Trust,920522,"San Mateo, California",,,,,,,,,
EL,Estée Lauder Companies (The),1001250,"New York City, New York",,,,,,,,,
ETSY,Etsy,1370637,"New York City, New York",,,,,,,,,
RE,Everest Re,1095073,"Hamilton, Bermuda",,,,,,,,,
EVRG,Evergy,1711269,"Kansas City, Missouri",,,,,,,,,
ES,Eversource,72741,"Hartford, Connecticut",,,,,,,,,
EXC,Exelon,1109357,"Chicago, Illinois",,,,,,,,,
EXPE,Expedia Group,1324424,"Seattle, Washington",,,,,,,,,
EXPD,Expeditors International,746515,"Seattle, Washington",,,,,,,,,
EXR,Extra Space Storage,1289490,"Salt Lake City, Utah",,,,,,,,,
XOM,ExxonMobil,34088,"Irving, Texas",,,,,,,,,
FFIV,"F5, Inc.",1048695,"Seattle, Washington",,,,,,,,,
FDS,FactSet,1013237,"Norwalk, Connecticut",,,,,,,,,
FICO,Fair Isaac,814547,"Bozeman, Montana",,,,,,,,,
FAST,Fastenal,815556,"Winona, Minnesota",,,,,,,,,
FRT,Federal Realty,34903,"Rockville, Maryland",,,,,,,,,
FDX,FedEx,1048911,"Memphis, Tennessee",,,,,,,,,
FITB,Fifth Third Bank,35527,"Cincinnati, Ohio",,,,,,,,,
FSLR,First Solar,1274494,"Tempe, Arizona",,,,,,,,,
FE,FirstEnergy,1031296,"Akron, Ohio",,,,,,,,,
FIS,FIS,1136893,"Jacksonville, Florida",,,,,,,,,
FI,Fiserv,798354,"Brookfield, Wisconsin",,,,,,,,,
FLT,Fleetcor,1175454,"Atlanta, Georgia",,,,,,,,,
FMC,FMC Corporation,37785,"Philadelphia, Pennsylvania",,,,,,,,,
F,Ford Motor Company,37996,"Dearborn, Michigan",,,,,,,,,
FTNT,Fortinet,1262039,"Sunnyvale, California",,,,,,,,,
FTV,Fortive,1659166,"Everett, Washington",,,,,,,,,
FOXA,Fox Corporation (Class A),1754301,"New York City, New York",,,,,,,,,
FOX,Fox Corporation (Class B),1754301,"New York City, New York",,,,,,,,,
BEN,Franklin Templeton,38777,"San Mateo, California",,,,,,,,,
FCX,Freeport-McMoRan,831259,"Phoenix, Arizona",,,,,,,,,
GRMN,Garmin,1121788,"Schaffhausen, Switzerland",,,,,,,,,
IT,Gartner,749251,"Stamford, Connecticut",,,,,,,,,
GEHC,GE HealthCare,1932393,"Chicago, Illinois",,,,,,,,,
GEN,Gen Digital,849399,"Tempe, Arizona",,,,,,,,,
GNRC,Generac,1474735,"Waukesha, Wisconsin",,,,,,,,,
GD,General Dynamics,40533,"Falls Church, Virginia",,,,,,,,,
GE,General Electric,40545,"Boston, Massachusetts",,,,,,,,,
GIS,General Mills,40704,"Golden Valley, Minnesota",,,,,,,,,
GM,General Motors,1467858,"Detroit, Michigan",,,,,,,,,
GPC,Genuine Parts Company,40987,"Atlanta, Georgia",,,,,,,,,
GILD,Gilead Sciences,882095,"Foster City, California",,,,,,,,,
GL,Globe Life,320335,"McKinney, Texas",,,,,,,,,
GPN,Global Payments,1123360,"Atlanta, Georgia",,,,,,,,,
GS,Goldman Sachs,886982,"New York City, New York",,,,,,,,,
HAL,Halliburton,45012,"Houston, Texas",,,,,,,,,
HIG,Hartford (The),874766,"Hartford, Connecticut",,,,,,,,,
HAS,Hasbro,46080,"Pawtucket, Rhode Island",,,,,,,,,
HCA,HCA Healthcare,860730,"Nashville, Tennessee",,,,,,,,,
PEAK,Healthpeak,765880,"Long Beach, California",,,,,,,,,
HSIC,Henry Schein,1000228,"Melville, New York",,,,,,,,,
HSY,Hershey's,47111,"Hershey, Pennsylvania",,,,,,,,,
HES,Hess Corporation,4447,"New York City, New York",,,,,,,,,
HPE,Hewlett Packard Enterprise,1645590,"Houston, Texas",,,,,,,,,
HLT,Hilton Worldwide,1585689,"Tysons Corner, Virginia",,,,,,,,,
HOLX,Hologic,859737,"Marlborough, Massachusetts",,,,,,,,,
HD,Home Depot (The),354950,"Atlanta, Georgia",,,,,,,,,
HON,Honeywell,773840,"Charlotte, North Carolina",,,,,,,,,
HRL,Hormel Foods,48465,"Austin, Minnesota",,,,,,,,,
HST,Host Hotels & Resorts,1070750,"Bethesda, Maryland",,,,,,,,,
HWM,Howmet Aerospace,4281,"Pittsburgh, Pennsylvania",,,,,,,,,
HPQ,HP Inc.,47217,"Palo Alto, California",,,,,,,,,
HUM,Humana,49071,"Louisville, Kentucky",,,,,,,,,
HBAN,Huntington Bancshares,49196,"Columbus, Ohio; Detroit, Michigan",,,,,,,,,
HII,Huntington Ingalls Industries,1501585,"Newport News, Virginia",,,,,,,,,
IBM,IBM,51143,"Armonk, New York",,,,,,,,,
IEX,IDEX Corporation,832101,"Lake Forest, Illinois",,,,,,,,,
IDXX,Idexx Laboratories,874716,"Westbrook, Maine",,,,,,,,,
ITW,Illinois Tool Works,49826,"Glenview, Illinois",,,,,,,,,
ILMN,Illumina,1110803,"San Diego, California",,,,,,,,,
INCY,Incyte,879169,"Wilmington, Delaware",,,,,,,,,
IR,Ingersoll Rand,1699150,"Davidson, North Carolina",,,,,,,,,
PODD,Insulet,1145197,"Acton, Massachusetts",,,,,,,,,
INTC,Intel,50863,"Santa Clara, California",,,,,,,,,
ICE,Intercontinental Exchange,1571949,"Atlanta, Georgia",,,,,,,,,
IFF,International Flavors & Fragrances,51253,"New York City, New York",,,,,,,,,
IP,International Paper,51434,"Memphis, Tennessee",,,,,,,,,
IPG,Interpublic Group of Companies (The),51644,"New York City, New York",,,,,,,,,
INTU,Intuit,896878,"Mountain View, California",,,,,,,,,
ISRG,Intuitive Surgical,1035267,"Sunnyvale, California",,,,,,,,,
IVZ,Invesco,914208,"Atlanta, Georgia",,,,,,,,,
INVH,Invitation Homes,1687229,"Dallas, Texas",,,,,,,,,
IQV,IQVIA,1478242,"Durham, North Carolina",,,,,,,,,
IRM,Iron Mountain,1020569,"Boston, Massachusetts",,,,,,,,,
JBHT,J.B. Hunt,728535,"Lowell, Arkansas",,,,,,,,,
JKHY,Jack Henry & Associates,779152,"Monett, Missouri",,,,,,,,,
J,Jacobs Solutions,52988,"Dallas, Texas",,,,,,,,,
JNJ,Johnson & Johnson,200406,"New Brunswick, New Jersey",,,,,,,,,
JCI,Johnson Controls,833444,"Cork, Ireland",,,,,,,,,
JPM,JPMorgan Chase,19617,"New York City, New York",,,,,,,,,
JNPR,Juniper Networks,1043604,"Sunnyvale, California",,,,,,,,,
K,Kellogg's,55067,"Battle Creek, Michigan",,,,,,,,,
KDP,Keurig Dr Pepper,1418135,"Burlington, Massachusetts",,,,,,,,,
KEY,KeyCorp,91576,"Cleveland, Ohio",,,,,,,,,
KEYS,Keysight,1601046,"Santa Rosa, California",,,,,,,,,
KMB,Kimberly-Clark,55785,"Irving, Texas",,,,,,,,,
KIM,Kimco Realty,879101,"New Hyde Park, New York",,,,,,,,,
KMI,Kinder Morgan,1506307,"Houston, Texas",,,,,,,,,
KLAC,KLA Corporation,319201,"Milpitas, California",,,,,,,,,
KHC,Kraft Heinz,1637459,"Chicago, Illinois; Pittsburgh, Pennsylvania",,,,,,,,,
KR,Kroger,56873,"Cincinnati, Ohio",,,,,,,,,
LHX,L3Harris,202058,"Melbourne, Florida",,,,,,,,,
LH,LabCorp,920148,"Burlington, North Carolina",,,,,,,,,
LRCX,Lam Research,707549,"Fremont, California",,,,,,,,,
LW,Lamb Weston,1679273,"Eagle, Idaho",,,,,,,,,
LVS,Las Vegas Sands,1300514,"Las Vegas, Nevada",,,,,,,,,
LDOS,Leidos,1336920,"Reston, Virginia",,,,,,,,,
LEN,Lennar,920760,"Miami, Florida",,,,,,,,,
LNC,Lincoln Financial,59558,"Radnor, Pennsylvania",,,,,,,,,
LIN,Linde plc,1707925,"Guildford, United Kingdom",,,,,,,,,
LYV,Live Nation Entertainment,1335258,"Beverly Hills, California",,,,,,,,,
LKQ,LKQ Corporation,1065696,"Chicago, Illinois",,,,,,,,,
LMT,Lockheed Martin,936468,"Bethesda, Maryland",,,,,,,,,
L,Loews Corporation,60086,"New York City, New York",,,,,,,,,
LOW,Lowe's,60667,"Mooresville, North Carolina",,,,,,,,,
LYB,LyondellBasell,1489393,"Rotterdam, Netherlands",,,,,,,,,
MTB,M&T Bank,36270,"Buffalo, New York",,,,,,,,,
MRO,Marathon Oil,101778,"Houston, Texas",,,,,,,,,
MPC,Marathon Petroleum,1510295,"Findlay, Ohio",,,,,,,,,
MKTX,MarketAxess,1278021,"New York City, New York",,,,,,,,,
MAR,Marriott International,1048286,"Bethesda, Maryland",,,,,,,,,
MMC,Marsh McLennan,62709,"New York City, New York",,,,,,,,,
MLM,Martin Marietta Materials,916076,"Raleigh, North Carolina",,,,,,,,,
MAS,Masco,62996,"Livonia, Michigan",,,,,,,,,
MA,Mastercard,1141391,"Harrison, New York",,,,,,,,,
MTCH,Match Group,891103,"Dallas, Texas",,,,,,,,,
MKC,McCormick & Company,63754,"Hunt Valley, Maryland",,,,,,,,,
MCD,McDonald's,63908,"Chicago, Illinois",,,,,,,,,
MCK,McKesson,927653,"Irving, Texas",,,,,,,,,
MDT,Medtronic,1613103,"Dublin, Ireland",,,,,,,,,
MRK,Merck & Co.,310158,"Kenilworth, New Jersey",,,,,,,,,
META,Meta Platforms,1326801,"Menlo Park, California",,,,,,,,,
MET,MetLife,1099219,"New York City, New York",,,,,,,,,
MTD,Mettler Toledo,1037646,"Columbus, Ohio",,,,,,,,,
MGM,MGM Resorts,789570,"Paradise, Nevada",,,,,,,,,
MCHP,Microchip Technology,827054,"Chandler, Arizona",,,,,,,,,
MU,Micron Technology,723125,"Boise, Idaho",,,,,,,,,
MSFT,Microsoft,789019,"Redmond, Washington",,,,,,,,,
MAA,Mid-America Apartment Communities,912595,"Memphis, Tennessee",,,,,,,,,
MRNA,Moderna,1682852,"Cambridge, Massachusetts",,,,,,,,,
MHK,Mohawk Industries,851968,"Calhoun, Georgia",,,,,,,,,
MOH,Molina Healthcare,1179929,"Long Beach, California",,,,,,,,,
TAP,Molson Coors Beverage Company,24545,"Chicago, Illinois",,,,,,,,,
MDLZ,Mondelez International,1103982,"Chicago, Illinois",,,,,,,,,
MPWR,Monolithic Power Systems,1280452,"Kirkland, Washington",,,,,,,,,
MNST,Monster Beverage,865752,"Corona, California",,,,,,,,,
MCO,Moody's Corporation,1059556,"New York City, New York",,,,,,,,,
MS,Morgan Stanley,895421,"New York City, New York",,,,,,,,,
MOS,Mosaic Company (The),1285785,"Tampa, Florida",,,,,,,,,
MSI,Motorola Solutions,68505,"Chicago, Illinois",,,,,,,,,
MSCI,MSCI,1408198,"New York City, New York",,,,,,,,,
NDAQ,"Nasdaq, Inc.",1120193,"New York City, New York",,,,,,,,,
NTAP,NetApp,1002047,"San Jose, California",,,,,,,,,
NFLX,Netflix,1065280,"Los Gatos, California",,,,,,,,,
NWL,Newell Brands,814453,"Atlanta, Georgia",,,,,,,,,
NEM,Newmont,1164727,"Denver, Colorado",,,,,,,,,
NWSA,News Corp (Class A),1564708,"New York City, New York",,,,,,,,,
NWS,News Corp (Class B),1564708,"New York City, New York",,,,,,,,,
NEE,NextEra Energy,753308,"Juno Beach, Florida",,,,,,,,,
NKE,"Nike, Inc.",320187,"Washington County, Oregon",,,,,,,,,
NI,NiSource,1111711,"Merrillville, Indiana",,,,,,,,,
NDSN,Nordson Corporation,72331,"Westlake, Ohio",,,,,,,,,
NSC,Norfolk Southern Railway,702165,"Atlanta, Georgia",,,,,,,,,
NTRS,Northern Trust,73124,"Chicago, Illinois",,,,,,,,,
NOC,Northrop Grumman,1133421,"West Falls Church, Virginia",,,,,,,,,
NCLH,Norwegian Cruise Line Holdings,1513761,"Miami, Florida",,,,,,,,,
NRG,NRG Energy,1013871,"Houston, Texas",,,,,,,,,
NUE,Nucor,73309,"Charlotte, North Carolina",,,,,,,,,
NVDA,Nvidia,1045810,"Santa Clara, California",,,,,,,,,
NVR,"NVR, Inc.",906163,"Reston, Virginia",,,,,,,,,
NXPI,NXP Semiconductors,1413447,"Eindhoven, Netherlands",,,,,,,,,
ORLY,O'Reilly Auto Parts,898173,"Springfield, Missouri",,,,,,,,,
OXY,Occidental Petroleum,797468,"Houston, Texas",,,,,,,,,
ODFL,Old Dominion,878927,"Thomasville, North Carolina",,,,,,,,,
OMC,Omnicom Group,29989,"New York City, New York",,,,,,,,,
ON,ON Semiconductor,1097864,"Phoenix, Arizona",,,,,,,,,
OKE,ONEOK,1039684,"Tulsa, Oklahoma",,,,,,,,,
ORCL,Oracle Corporation,1341439,"Austin, Texas",,,,,,,,,
OGN,Organon & Co.,1821825,"Jersey City, New Jersey",,,,,,,,,
OTIS,Otis Worldwide,1781335,"Farmington, Connecticut",,,,,,,,,
PCAR,Paccar,75362,"Bellevue, Washington",,,,,,,,,
PKG,Packaging Corporation of America,75677,"Lake Forest, Illinois",,,,,,,,,
PANW,Palo Alto Networks,1327567,"Santa Clara, California",,,,,,,,,
PARA,Paramount Global,813828,"New York City, New York",,,,,,,,,
PH,Parker Hannifin,76334,"Cleveland, Ohio",,,,,,,,,
PAYX,Paychex,723531,"Penfield, New York",,,,,,,,,
PAYC,Paycom,1590955,"Oklahoma City, Oklahoma",,,,,,,,,
PYPL,PayPal,1633917,"San Jose, California",,,,,,,,,
PNR,Pentair,77360,"Worsley, United Kingdom",,,,,,,,,
PEP,PepsiCo,77476,"Purchase, New York",,,,,,,,,
PFE,Pfizer,78003,"New York City, New York",,,,,,,,,
PCG,PG&E Corporation,1004980,"San Francisco, California",,,,,,,,,
PM,Philip Morris International,1413329,"New York City, New York",,,,,,,,,
PSX,Phillips 66,1534701,"Houston, Texas",,,,,,,,,
PNW,Pinnacle West,764622,"Phoenix, Arizona",,,,,,,,,
PXD,Pioneer Natural Resources,1038357,"Irving, Texas",,,,,,,,,
PNC,PNC Financial Services,713676,"Pittsburgh, Pennsylvania",,,,,,,,,
POOL,Pool Corporation,945841,"Covington, Louisiana",,,,,,,,,
PPG,PPG Industries,79879,"Pittsburgh, Pennsylvania",,,,,,,,,
PPL,PPL Corporation,922224,"Allentown, Pennsylvania",,,,,,,,,
PFG,Principal Financial Group,1126328,"Des Moines, Iowa",,,,,,,,,
PG,Procter & Gamble,80424,"Cincinnati, Ohio",,,,,,,,,
PGR,Progressive Corporation,80661,"Mayfield Village, Ohio",,,,,,,,,
PLD,Prologis,1045609,"San Francisco, California",,,,,,,,,
PRU,Prudential Financial,1137774,"Newark, New Jersey",,,,,,,,,
PEG,Public Service Enterprise Group,788784,"Newark, New Jersey",,,,,,,,,
PTC,PTC,857005,"Boston, Massachusetts",,,,,,,,,
PSA,Public Storage,1393311,"Glendale, California",,,,,,,,,
PHM,PulteGroup,822416,"Atlanta, Georgia",,,,,,,,,
QRVO,Qorvo,1604778,"Greensboro, North Carolina",,,,,,,,,
PWR,Quanta Services,1050915,"Houston, Texas",,,,,,,,,
QCOM,Qualcomm,804328,"San Diego, California",,,,,,,,,
DGX,Quest Diagnostics,1022079,"Secaucus, New Jersey",,,,,,,,,
RL,Ralph Lauren Corporation,1037038,"New York City, New York",,,,,,,,,
RJF,Raymond James,720005,"St. Petersburg, Florida",,,,,,,,,
RTX,Raytheon Technologies,101829,"Waltham, Massachusetts",,,,,,,,,
O,Realty Income,726728,"San Diego, California",,,,,,,,,
REG,Regency Centers,910606,"Jacksonville, Florida",,,,,,,,,
REGN,Regeneron,872589,"Tarrytown, New York",,,,,,,,,
RF,Regions Financial Corporation,1281761,"Birmingham, Alabama",,,,,,,,,
RSG,Republic Services,1060391,"Phoenix, Arizona",,,,,,,,,
RMD,ResMed,943819,"San Diego, California",,,,,,,,,
RVTY,Revvity,31791,"Waltham, Massachusetts",,,,,,,,,
RHI,Robert Half,315213,"Menlo Park, California",,,,,,,,,
ROK,Rockwell Automation,1024478,"Milwaukee, Wisconsin",,,,,,,,,
ROL,"Rollins, Inc.",84839,"Atlanta, Georgia",,,,,,,,,
ROP,Roper Technologies,882835,"Sarasota, Florida",,,,,,,,,
ROST,Ross Stores,745732,"Dublin, California",,,,,,,,,
RCL,Royal Caribbean Group,884887,"Miami, Florida",,,,,,,,,
SPGI,S&P Global,64040,"New York City, New York",,,,,,,,,
CRM,Salesforce,1108524,"San Francisco, California",,,,,,,,,
SBAC,SBA Communications,1034054,"Boca Raton, Florida",,,,,,,,,
SLB,Schlumberger,87347,"Houston, Texas",,,,,,,,,
STX,Seagate Technology,1137789,"Dublin, Ireland",,,,,,,,,
SEE,Sealed Air,1012100,"Charlotte, North Carolina",,,,,,,,,
SRE,Sempra Energy,1032208,"San Diego, California",,,,,,,,,
NOW,ServiceNow,1373715,"Santa Clara, California",,,,,,,,,
SHW,Sherwin-Williams,89800,"Cleveland, Ohio",,,,,,,,,
SPG,Simon Property Group,1063761,"Indianapolis, Indiana",,,,,,,,,
SWKS,Skyworks Solutions,4127,"Irvine, California",,,,,,,,,
SJM,J.M. Smucker Company (The),91419,"Orrville, Ohio",,,,,,,,,
SNA,Snap-on,91440,"Kenosha, Wisconsin",,,,,,,,,
SEDG,SolarEdge,1419612,"Herzliya, Israel",,,,,,,,,
SO,Southern Company,92122,"Atlanta, Georgia",,,,,,,,,
LUV,Southwest Airlines,92380,"Dallas, Texas",,,,,,,,,
SWK,Stanley Black & Decker,93556,"New Britain, Connecticut",,,,,,,,,
SBUX,Starbucks,829224,"Seattle, Washington",,,,,,,,,
STT,State Street Corporation,93751,"Boston, Massachusetts",,,,,,,,,
STLD,Steel Dynamics,1022671,"Fort Wayne, Indiana",,,,,,,,,
STE,Steris,1757898,"Dublin, Ireland",,,,,,,,,
SYK,Stryker Corporation,310764,"Kalamazoo, Michigan",,,,,,,,,
SYF,Synchrony Financial,1601712,"Stamford, Connecticut",,,,,,,,,
SNPS,Synopsys,883241,"Sunnyvale, California",,,,,,,,,
SYY,Sysco,96021,"Houston, Texas",,,,,,,,,
TMUS,T-Mobile US,1283699,"Bellevue, Washington",,,,,,,,,
TROW,T. Rowe Price,1113169,"Baltimore, Maryland",,,,,,,,,
TTWO,Take-Two Interactive,946581,"New York City, New York",,,,,,,,,
TPR,"Tapestry, Inc.",1116132,"New York City, New York",,,,,,,,,
TRGP,Targa Resources,1389170,"Houston, Texas",,,,,,,,,
TGT,Target Corporation,27419,"Minneapolis, Minnesota",,,,,,,,,
TEL,TE Connectivity,1385157,"Schaffhausen, Switzerland",,,,,,,,,
TDY,Teledyne Technologies,1094285,"Thousand Oaks, California",,,,,,,,,
TFX,Teleflex,96943,"Wayne, Pennsylvania",,,,,,,,,
TER,Teradyne,97210,"North Reading, Massachusetts",,,,,,,,,
TSLA,"Tesla, Inc.",1318605,"Austin, Texas",,,,,,,,,
TXN,Texas Instruments,97476,"Dallas, Texas",,,,,,,,,
TXT,Textron,217346,"Providence, Rhode Island",,,,,,,,,
TMO,Thermo Fisher Scientific,97745,"Waltham, Massachusetts",,,,,,,,,
TJX,TJX Companies,109198,"Framingham, Massachusetts",,,,,,,,,
TSCO,Tractor Supply,916365,"Brentwood, Tennessee",,,,,,,,,
TT,Trane Technologies,1466258,"Dublin, Ireland",,,,,,,,,
TDG,TransDigm Group,1260221,"Cleveland, Ohio",,,,,,,,,
TRV,Travelers Companies (The),86312,"New York City, New York",,,,,,,,,
TRMB,Trimble Inc.,864749,"Westminster, Colorado",,,,,,,,,
TFC,Truist,92230,"Charlotte, North Carolina",,,,,,,,,
TYL,Tyler Technologies,860731,"Plano, Texas",,,,,,,,,
TSN,Tyson Foods,100493,"Springdale, Arkansas",,,,,,,,,
USB,U.S. Bank,36104,"Minneapolis, Minnesota",,,,,,,,,
UDR,"UDR, Inc.",74208,"Highlands Ranch, Colorado",,,,,,,,,
ULTA,Ulta Beauty,1403568,"Bolingbrook, Illinois",,,,,,,,,
UNP,Union Pacific Corporation,100885,"Omaha, Nebraska",,,,,,,,,
UAL,United Airlines Holdings,100517,"Chicago, Illinois",,,,,,,,,
UPS,United Parcel Service,1090727,"Sandy Springs, Georgia",,,,,,,,,
URI,United Rentals,1067701,"Stamford, Connecticut",,,,,,,,,
UNH,UnitedHealth Group,731766,"Minnetonka, Minnesota",,,,,,,,,
UHS,Universal Health Services,352915,"King of Prussia, Pennsylvania",,,,,,,,,
VLO,Valero Energy,1035002,"San Antonio, Texas",,,,,,,,,
VTR,Ventas,740260,"Chicago, Illinois",,,,,,,,,
VRSN,Verisign,1014473,"Dulles, Virginia",,,,,,,,,
VRSK,Verisk,1442145,"Jersey City, New Jersey",,,,,,,,,
VZ,Verizon,732712,"New York City, New York",,,,,,,,,
VRTX,Vertex Pharmaceuticals,875320,"Cambridge, Massachusetts",,,,,,,,,
VFC,VF Corporation,103379,"Denver, Colorado",,,,,,,,,
VTRS,Viatris,1792044,"Pittsburgh, Pennsylvania",,,,,,,,,
VICI,Vici Properties,1705696,"New York City, New York",,,,,,,,,
V,Visa Inc.,1403161,"San Francisco, California",,,,,,,,,
VMC,Vulcan Materials Company,1396009,"Birmingham, Alabama",,,,,,,,,
WAB,Wabtec,943452,"Pittsburgh, Pennsylvania",,,,,,,,,
WBA,Walgreens Boots Alliance,1618921,"Deerfield, Illinois",,,,,,,,,
WMT,Walmart,104169,"Bentonville, Arkansas",,,,,,,,,
WBD,Warner Bros. Discovery,1437107,"New York City, New York",,,,,,,,,
WM,Waste Management,823768,"Houston, Texas",,,,,,,,,
WAT,Waters Corporation,1000697,"Milford, Massachusetts",,,,,,,,,
WEC,WEC Energy Group,783325,"Milwaukee, Wisconsin",,,,,,,,,
WFC,Wells Fargo,72971,"San Francisco, California",,,,,,,,,
WELL,Welltower,766704,"Toledo, Ohio",,,,,,,,,
WST,West Pharmaceutical Services,105770,"Exton, Pennsylvania",,,,,,,,,
WDC,Western Digital,106040,"San Jose, California",,,,,,,,,
WRK,WestRock,1732845,"Atlanta, Georgia",,,,,,,,,
WY,Weyerhaeuser,106535,"Seattle, Washington",,,,,,,,,
WHR,Whirlpool Corporation,106640,"Benton Harbor, Michigan",,,,,,,,,
WMB,Williams Companies,107263,"Tulsa, Oklahoma",,,,,,,,,
WTW,Willis Towers Watson,1140536,"London, United Kingdom",,,,,,,,,
GWW,W. W. Grainger,277135,"Lake Forest, Illinois",,,,,,,,,
WYNN,Wynn Resorts,1174922,"Paradise, Nevada",,,,,,,,,
XEL,Xcel Energy,72903,"Minneapolis, Minnesota",,,,,,,,,
XYL,Xylem Inc.,1524472,"White Plains, New York",,,,,,,,,
YUM,Yum! Brands,1041061,"Louisville, Kentucky",,,,,,,,,
ZBRA,Zebra Technologies,877212,"Lincolnshire, Illinois",,,,,,,,,
ZBH,Zimmer Biomet,1136869,"Warsaw, Indiana",,,,,,,,,
ZION,Zions Bancorporation,109380,"Salt Lake City, Utah",,,,,,,,,
ZTS,Zoetis,1555280,"Parsippany, New Jersey",,,,,,,,,
